{
 "ops": 2749,
 "ts": "2026-07-03T05:12:14.064621+00:00",
 "forecasts": {
  "btc_now": 61438.1894114553,
  "eth_now": 1696.40313286967,
  "btc": {
   "h30": [
    -4.1,
    58919.0
   ],
   "h90": [
    -13.0,
    53451.0
   ],
   "h180": [
    -29.4,
    43375.0
   ],
   "h365": [
    217.4,
    195005.0
   ]
  },
  "eth_beta": 1.27,
  "eth": {
   "h30": [
    -6.3,
    1590.0
   ],
   "h90": [
    -16.3,
    1420.0
   ],
   "h180": [
    -36.6,
    1076.0
   ],
   "h365": [
    276.1,
    6380.0
   ]
  },
  "alt_beta": 1.5,
  "alt": {
   "h30": -6.1,
   "h90": -19.5,
   "h180": -44.1,
   "h365": 326.1
  },
  "ai_src": "llm"
 },
 "stables": {
  "stablecoin_exchange_reserve": 62888300482.659706,
  "stablecoin_exchange_netflow": -673084778.167805
 },
 "ledger": "[LOG] onchain_btc_forecast=BASE_RATE DOWN conf=0.73 baseline=$61455.00",
 "page": "LIVE"
}